{"cameraMode":{"drawMode":0,"name":"Shaded","section":"Shading Mode"},"sceneLighting":true,"audioPlay":false,"sceneViewState":{"m_AlwaysRefresh":false,"showFog":true,"showSkybox":true,"showFlares":true,"showImageEffects":true,"showParticleSystems":true,"showVisualEffectGraphs":true,"m_FxEnabled":true},"in2DMode":false,"pivot":{"x":627.9522705078125,"y":26.9945125579834,"z":-10.710112571716309},"rotation":{"x":0.08351133018732071,"y":0.04392845556139946,"z":0.00369123462587595,"w":-0.9955307841300964},"size":30.833730697631837,"orthographic":false}